date,time,temperature,humidity,pressure
18/02/2016,00:00:04,22.2,26.7,1013.8
18/02/2016,00:01:04,22.2,27.0,1013.8
18/02/2016,00:02:04,22.1,27.3,1013.8
18/02/2016,00:03:04,22.2,26.8,1013.9
18/02/2016,00:04:04,22.3,26.4,1013.9
18/02/2016,00:05:04,22.2,26.9,1013.9
18/02/2016,00:06:04,22.1,27.1,1013.9
18/02/2016,00:07:04,22.2,26.5,1013.9
18/02/2016,00:08:04,22.1,26.7,1013.8
18/02/2016,00:09:05,22.2,26.8,1013.9
18/02/2016,00:10:04,22.1,27.1,1013.8
18/02/2016,00:11:04,22.1,27.1,1013.8
18/02/2016,00:12:05,22.2,27.2,1013.9
18/02/2016,00:13:04,22.2,27.1,1013.8
18/02/2016,00:14:04,22.2,27.2,1013.8
18/02/2016,00:15:05,22.1,27.0,1013.8
18/02/2016,00:16:04,22.2,27.1,1013.8
18/02/2016,00:17:04,22.1,27.1,1013.8
18/02/2016,00:18:04,22.1,27.1,1013.8
18/02/2016,00:19:04,22.2,26.8,1013.7
18/02/2016,00:20:04,22.1,27.2,1013.8
18/02/2016,00:21:04,22.1,26.9,1013.8
18/02/2016,00:22:04,22.2,27.3,1013.7
18/02/2016,00:23:05,22.2,27.1,1013.7
18/02/2016,00:24:04,22.3,26.7,1013.7
18/02/2016,00:25:04,22.3,26.9,1013.7
18/02/2016,00:26:05,22.2,26.9,1013.7
18/02/2016,00:27:04,22.2,27.0,1013.7
18/02/2016,00:28:04,22.3,26.9,1013.7
18/02/2016,00:29:05,22.3,26.5,1013.7
18/02/2016,00:30:04,22.4,27.0,1013.7
18/02/2016,00:31:04,22.3,26.8,1013.7
18/02/2016,00:32:05,22.3,26.7,1013.7
18/02/2016,00:33:04,22.5,26.7,1013.7
18/02/2016,00:34:04,22.4,26.7,1013.7
18/02/2016,00:35:05,22.3,27.0,1013.7
18/02/2016,00:36:04,22.3,27.0,1013.6
18/02/2016,00:37:04,22.3,26.8,1013.6
18/02/2016,00:38:05,22.4,26.7,1013.6
18/02/2016,00:39:04,22.4,26.7,1013.6
18/02/2016,00:40:04,22.3,27.0,1013.6
18/02/2016,00:41:04,22.4,26.7,1013.6
18/02/2016,00:42:04,22.4,26.8,1013.6
18/02/2016,00:43:04,22.3,26.6,1013.6
18/02/2016,00:44:04,22.1,27.2,1013.5
18/02/2016,00:45:04,22.3,27.2,1013.6
18/02/2016,00:46:05,22.2,27.3,1013.6
18/02/2016,00:47:04,22.1,26.9,1013.6
18/02/2016,00:48:04,22.1,26.9,1013.6
18/02/2016,00:49:05,21.9,27.3,1013.7
18/02/2016,00:50:04,22.1,27.2,1013.6
18/02/2016,00:51:04,22.0,27.5,1013.6
18/02/2016,00:52:05,22.1,27.5,1013.6
18/02/2016,00:53:04,22.1,27.3,1013.6
18/02/2016,00:54:04,22.0,27.3,1013.6
18/02/2016,00:55:05,22.1,27.3,1013.6
18/02/2016,00:56:04,22.0,27.5,1013.5
18/02/2016,00:57:04,22.1,27.6,1013.6
18/02/2016,00:58:04,22.0,27.6,1013.5
18/02/2016,00:59:04,22.0,27.2,1013.5
18/02/2016,01:00:04,22.1,27.4,1013.6
18/02/2016,01:01:04,22.1,27.3,1013.6
18/02/2016,01:02:04,22.0,27.1,1013.5
18/02/2016,01:03:04,22.2,27.0,1013.5
18/02/2016,01:04:04,22.2,27.1,1013.6
18/02/2016,01:05:04,22.1,27.3,1013.5
18/02/2016,01:06:05,22.2,27.2,1013.5
18/02/2016,01:07:04,22.2,27.3,1013.6
18/02/2016,01:08:04,22.1,27.5,1013.6
18/02/2016,01:09:05,22.2,27.2,1013.6
18/02/2016,01:10:04,22.2,27.0,1013.5
18/02/2016,01:11:04,22.2,26.9,1013.5
18/02/2016,01:12:05,22.0,27.3,1013.5
18/02/2016,01:13:04,22.1,27.2,1013.5
18/02/2016,01:14:04,22.1,27.3,1013.4
18/02/2016,01:15:04,22.0,27.7,1013.4
18/02/2016,01:16:04,22.1,27.4,1013.5
18/02/2016,01:17:04,22.1,27.6,1013.4
18/02/2016,01:18:04,22.0,27.5,1013.4
18/02/2016,01:19:04,22.0,27.3,1013.4
18/02/2016,01:20:04,22.1,27.5,1013.4
18/02/2016,01:21:04,22.1,27.5,1013.4
18/02/2016,01:22:04,22.1,27.0,1013.4
18/02/2016,01:23:05,22.1,27.3,1013.4
18/02/2016,01:24:04,21.9,27.6,1013.4
18/02/2016,01:25:04,22.1,27.3,1013.4
18/02/2016,01:26:05,22.1,27.3,1013.4
18/02/2016,01:27:04,22.1,27.4,1013.4
18/02/2016,01:28:04,22.1,27.3,1013.3
18/02/2016,01:29:05,22.1,27.3,1013.3
18/02/2016,01:30:04,22.1,27.4,1013.3
18/02/2016,01:31:04,22.1,27.4,1013.3
18/02/2016,01:32:04,22.1,27.3,1013.3
18/02/2016,01:33:04,22.1,27.4,1013.3
18/02/2016,01:34:04,22.0,27.4,1013.3
18/02/2016,01:35:04,22.2,27.4,1013.2
18/02/2016,01:36:04,22.0,27.3,1013.3
18/02/2016,01:37:04,22.1,27.2,1013.2
18/02/2016,01:38:04,22.0,27.4,1013.2
18/02/2016,01:39:04,22.0,27.4,1013.2
18/02/2016,01:40:05,22.0,27.2,1013.1
18/02/2016,01:41:04,22.0,27.7,1013.1
18/02/2016,01:42:04,22.1,27.4,1013.1
18/02/2016,01:43:05,22.0,27.4,1013.1
18/02/2016,01:44:04,22.1,27.3,1013.1
18/02/2016,01:45:04,22.0,27.3,1013.1
18/02/2016,01:46:05,22.1,27.2,1013.1
18/02/2016,01:47:04,22.0,27.3,1013.1
18/02/2016,01:48:04,21.9,27.7,1013.1
18/02/2016,01:49:05,22.1,27.4,1013.0
18/02/2016,01:50:04,22.1,27.6,1013.0
18/02/2016,01:51:04,22.2,27.0,1013.0
18/02/2016,01:52:05,22.2,27.3,1013.0
18/02/2016,01:53:04,22.2,27.2,1013.0
18/02/2016,01:54:04,22.3,27.5,1013.0
18/02/2016,01:55:04,22.2,27.0,1013.0
18/02/2016,01:56:04,22.2,27.1,1013.0
18/02/2016,01:57:04,22.4,27.3,1012.9
18/02/2016,01:58:04,22.2,27.6,1013.0
18/02/2016,01:59:04,22.2,27.1,1013.0
18/02/2016,02:00:05,22.2,27.5,1013.0
18/02/2016,02:01:04,22.2,27.2,1013.0
18/02/2016,02:02:04,22.1,27.2,1012.9
18/02/2016,02:03:05,22.0,27.4,1013.0
18/02/2016,02:04:04,22.0,27.3,1013.0
18/02/2016,02:05:04,22.0,27.6,1012.9
18/02/2016,02:06:04,22.0,27.4,1012.9
18/02/2016,02:07:04,22.0,27.0,1012.9
18/02/2016,02:08:04,21.9,27.8,1012.9
18/02/2016,02:09:04,21.9,27.2,1012.9
18/02/2016,02:10:04,21.8,27.8,1012.8
18/02/2016,02:11:05,21.9,27.4,1012.8
18/02/2016,02:12:04,21.9,27.4,1012.8
18/02/2016,02:13:04,22.0,27.5,1012.9
18/02/2016,02:14:05,21.9,27.2,1012.8
18/02/2016,02:15:04,21.9,27.5,1012.8
18/02/2016,02:16:04,22.0,27.4,1012.8
18/02/2016,02:17:05,21.9,27.5,1012.8
18/02/2016,02:18:04,21.9,28.0,1012.8
18/02/2016,02:19:04,21.9,27.2,1012.8
18/02/2016,02:20:04,22.0,27.6,1012.8
18/02/2016,02:21:04,21.9,27.7,1012.8
18/02/2016,02:22:04,22.1,27.7,1012.8
18/02/2016,02:23:04,22.0,27.7,1012.8
18/02/2016,02:24:04,21.9,27.6,1012.7
18/02/2016,02:25:05,22.0,27.3,1012.6
18/02/2016,02:26:04,21.9,27.5,1012.6
18/02/2016,02:27:04,21.9,27.4,1012.6
18/02/2016,02:28:05,21.8,27.9,1012.5
18/02/2016,02:29:04,21.9,27.3,1012.5
18/02/2016,02:30:04,21.9,27.5,1012.5
18/02/2016,02:31:05,21.9,27.4,1012.4
18/02/2016,02:32:04,21.9,27.6,1012.4
18/02/2016,02:33:04,21.9,27.6,1012.5
18/02/2016,02:34:04,21.9,27.6,1012.5
18/02/2016,02:35:04,21.9,27.4,1012.5
18/02/2016,02:36:04,21.9,27.3,1012.4
18/02/2016,02:37:04,22.0,27.5,1012.5
18/02/2016,02:38:04,21.9,27.5,1012.4
18/02/2016,02:39:05,21.9,27.7,1012.4
18/02/2016,02:40:04,21.9,27.8,1012.4
18/02/2016,02:41:04,22.0,27.6,1012.4
18/02/2016,02:42:05,22.0,27.7,1012.4
18/02/2016,02:43:04,21.9,27.5,1012.4
18/02/2016,02:44:04,21.9,27.7,1012.4
18/02/2016,02:45:05,21.9,27.6,1012.4
18/02/2016,02:46:04,22.0,27.6,1012.3
18/02/2016,02:47:04,21.8,27.8,1012.3
18/02/2016,02:48:04,21.9,27.4,1012.4
18/02/2016,02:49:04,21.9,27.6,1012.4
18/02/2016,02:50:04,22.0,27.4,1012.4
18/02/2016,02:51:04,21.9,27.6,1012.4
18/02/2016,02:52:04,21.9,27.4,1012.4
18/02/2016,02:53:05,22.0,27.5,1012.5
18/02/2016,02:54:04,22.0,27.4,1012.5
18/02/2016,02:55:04,21.9,27.9,1012.5
18/02/2016,02:56:05,22.0,27.6,1012.5
18/02/2016,02:57:04,22.0,27.7,1012.4
18/02/2016,02:58:04,21.9,27.4,1012.5
18/02/2016,02:59:05,21.9,27.7,1012.5
18/02/2016,03:00:04,21.8,27.5,1012.5
18/02/2016,03:01:04,22.0,27.5,1012.4
18/02/2016,03:02:04,21.9,27.4,1012.5
18/02/2016,03:03:04,21.9,27.4,1012.5
18/02/2016,03:04:04,22.0,27.9,1012.4
18/02/2016,03:05:04,21.8,27.8,1012.4
18/02/2016,03:06:04,21.9,27.8,1012.3
18/02/2016,03:07:05,21.9,27.7,1012.3
18/02/2016,03:08:04,22.0,27.8,1012.3
18/02/2016,03:09:04,22.0,27.7,1012.3
18/02/2016,03:10:05,21.9,27.6,1012.2
18/02/2016,03:11:04,21.9,27.7,1012.2
18/02/2016,03:12:04,21.9,28.1,1012.3
18/02/2016,03:13:05,21.8,27.7,1012.2
18/02/2016,03:14:04,22.0,27.5,1012.2
18/02/2016,03:15:04,21.9,27.8,1012.2
18/02/2016,03:16:04,22.0,27.8,1012.2
18/02/2016,03:17:04,22.1,27.6,1012.3
18/02/2016,03:18:04,22.2,28.0,1012.3
18/02/2016,03:19:04,22.1,27.5,1012.3
18/02/2016,03:20:04,22.1,27.8,1012.3
18/02/2016,03:21:05,22.1,27.4,1012.3
18/02/2016,03:22:04,22.2,27.8,1012.4
18/02/2016,03:23:04,22.3,27.4,1012.4
18/02/2016,03:24:05,22.1,27.6,1012.4
18/02/2016,03:25:04,22.2,27.3,1012.4
18/02/2016,03:26:04,22.2,27.2,1012.4
18/02/2016,03:27:04,22.1,27.4,1012.4
18/02/2016,03:28:04,22.2,27.2,1012.4
18/02/2016,03:29:04,22.2,27.6,1012.3
18/02/2016,03:30:04,22.2,27.5,1012.3
18/02/2016,03:31:04,22.2,27.5,1012.2
18/02/2016,03:32:04,22.2,27.9,1012.3
18/02/2016,03:33:04,22.0,27.6,1012.3
18/02/2016,03:34:04,22.0,27.2,1012.2
18/02/2016,03:35:05,22.0,27.6,1012.2
18/02/2016,03:36:04,22.1,27.8,1012.3
18/02/2016,03:37:04,22.0,27.8,1012.2
18/02/2016,03:38:05,22.1,27.2,1012.2
18/02/2016,03:39:04,22.2,27.5,1012.3
18/02/2016,03:40:04,22.1,27.8,1012.3
18/02/2016,03:41:05,22.0,27.5,1012.3
18/02/2016,03:42:04,21.9,27.4,1012.2
18/02/2016,03:43:04,21.9,27.3,1012.2
18/02/2016,03:44:04,21.9,28.0,1012.3
18/02/2016,03:45:04,22.0,27.8,1012.3
18/02/2016,03:46:04,21.9,27.9,1012.3
18/02/2016,03:47:04,21.9,27.8,1012.3
18/02/2016,03:48:04,21.9,27.8,1012.3
18/02/2016,03:49:05,21.9,28.0,1012.4
18/02/2016,03:50:04,21.9,27.9,1012.3
18/02/2016,03:51:04,21.8,27.8,1012.3
18/02/2016,03:52:05,21.8,27.9,1012.3
18/02/2016,03:53:04,21.9,27.8,1012.3
18/02/2016,03:54:04,22.0,28.0,1012.3
18/02/2016,03:55:05,22.0,28.0,1012.3
18/02/2016,03:56:04,21.9,27.7,1012.3
18/02/2016,03:57:04,21.9,28.0,1012.3
18/02/2016,03:58:05,21.9,27.8,1012.3
18/02/2016,03:59:04,21.9,27.7,1012.3
18/02/2016,04:00:04,21.9,28.1,1012.3
18/02/2016,04:01:04,21.7,28.3,1012.3
18/02/2016,04:02:04,21.7,28.1,1012.3
18/02/2016,04:03:04,21.7,28.0,1012.3
18/02/2016,04:04:04,21.7,27.8,1012.3
18/02/2016,04:05:04,21.9,28.3,1012.3
18/02/2016,04:06:04,21.7,27.9,1012.3
18/02/2016,04:07:04,21.9,28.2,1012.3
18/02/2016,04:08:04,21.7,27.8,1012.3
18/02/2016,04:09:05,21.8,28.3,1012.3
18/02/2016,04:10:04,22.0,27.8,1012.3
18/02/2016,04:11:04,21.9,27.9,1012.3
18/02/2016,04:12:05,21.8,27.8,1012.3
18/02/2016,04:13:04,21.8,27.9,1012.4
18/02/2016,04:14:04,21.8,27.8,1012.4
18/02/2016,04:15:05,21.7,28.4,1012.5
18/02/2016,04:16:04,21.7,28.1,1012.5
18/02/2016,04:17:04,21.8,28.1,1012.5
18/02/2016,04:18:04,21.9,27.8,1012.6
18/02/2016,04:19:04,21.8,27.7,1012.6
18/02/2016,04:20:04,22.0,28.2,1012.6
18/02/2016,04:21:04,21.8,27.9,1012.6
18/02/2016,04:22:04,21.7,28.0,1012.6
18/02/2016,04:23:04,21.8,28.1,1012.6
18/02/2016,04:24:04,21.7,28.2,1012.7
18/02/2016,04:25:04,21.6,28.1,1012.8
18/02/2016,04:26:05,21.7,28.3,1012.8
18/02/2016,04:27:04,21.8,28.1,1012.8
18/02/2016,04:28:04,21.8,28.2,1012.8
18/02/2016,04:29:05,21.7,28.1,1012.8
18/02/2016,04:30:04,21.8,28.1,1012.8
18/02/2016,04:31:04,21.8,27.8,1012.8
18/02/2016,04:32:04,21.8,28.1,1012.9
18/02/2016,04:33:04,21.7,28.1,1012.9
18/02/2016,04:34:04,21.8,28.1,1012.9
18/02/2016,04:35:04,21.9,28.1,1012.9
18/02/2016,04:36:04,21.8,27.8,1012.9
18/02/2016,04:37:05,21.9,27.8,1012.8
18/02/2016,04:38:04,21.8,28.1,1012.8
18/02/2016,04:39:04,21.9,27.8,1012.8
18/02/2016,04:40:05,22.0,28.0,1012.8
18/02/2016,04:41:04,22.1,28.0,1012.9
18/02/2016,04:42:04,22.1,27.6,1012.9
18/02/2016,04:43:04,22.0,27.9,1012.9
18/02/2016,04:44:04,22.0,28.0,1012.9
18/02/2016,04:45:05,22.1,28.1,1012.9
18/02/2016,04:46:04,21.9,27.5,1012.9
18/02/2016,04:47:04,22.1,27.7,1012.9
18/02/2016,04:48:05,22.1,27.8,1012.9
18/02/2016,04:49:04,22.1,27.6,1012.8
18/02/2016,04:50:04,22.1,27.8,1012.8
18/02/2016,04:51:05,22.1,27.6,1012.8
18/02/2016,04:52:04,22.1,27.9,1012.9
18/02/2016,04:53:04,22.2,27.7,1012.8
18/02/2016,04:54:04,22.2,27.8,1012.9
18/02/2016,04:55:04,22.2,27.8,1012.9
18/02/2016,04:56:04,22.2,27.8,1012.9
18/02/2016,04:57:04,22.1,27.7,1012.9
18/02/2016,04:58:04,22.0,27.6,1013.0
18/02/2016,04:59:05,22.0,27.6,1013.0
18/02/2016,05:00:04,22.0,28.2,1013.0
18/02/2016,05:01:04,21.9,27.9,1013.1
18/02/2016,05:02:05,22.0,28.1,1013.1
18/02/2016,05:03:04,22.0,28.0,1013.1
18/02/2016,05:04:04,21.9,28.2,1013.0
18/02/2016,05:05:05,21.9,28.2,1013.0
18/02/2016,05:06:04,21.8,28.1,1013.0
18/02/2016,05:07:04,21.9,28.1,1013.1
18/02/2016,05:08:04,21.7,27.9,1013.1
18/02/2016,05:09:04,21.9,28.0,1013.1
18/02/2016,05:10:04,21.9,27.9,1013.1
18/02/2016,05:11:04,21.9,27.9,1013.2
18/02/2016,05:12:04,21.8,28.0,1013.1
18/02/2016,05:13:05,21.9,28.1,1013.1
18/02/2016,05:14:04,21.8,28.0,1013.1
18/02/2016,05:15:04,21.8,28.2,1013.2
18/02/2016,05:16:05,21.9,27.8,1013.2
18/02/2016,05:17:04,21.9,28.0,1013.2
18/02/2016,05:18:04,22.0,28.0,1013.2
18/02/2016,05:19:05,21.9,28.3,1013.2
18/02/2016,05:20:04,21.9,28.1,1013.2
18/02/2016,05:21:04,21.8,27.8,1013.3
18/02/2016,05:22:05,22.0,28.0,1013.3
18/02/2016,05:23:04,21.9,27.9,1013.2
18/02/2016,05:24:04,21.9,28.1,1013.3
18/02/2016,05:25:04,21.9,27.9,1013.2
18/02/2016,05:26:04,21.8,28.0,1013.2
18/02/2016,05:27:04,21.8,27.9,1013.2
18/02/2016,05:28:04,21.7,28.2,1013.2
18/02/2016,05:29:04,21.8,28.3,1013.2
18/02/2016,05:30:05,21.8,28.2,1013.2
18/02/2016,05:31:04,21.7,28.1,1013.2
18/02/2016,05:32:04,21.7,27.9,1013.2
18/02/2016,05:33:05,21.7,28.2,1013.2
18/02/2016,05:34:04,21.8,28.3,1013.2
18/02/2016,05:35:04,21.7,27.9,1013.2
18/02/2016,05:36:05,21.8,28.1,1013.2
18/02/2016,05:37:04,21.7,28.0,1013.2
18/02/2016,05:38:04,21.8,27.8,1013.3
18/02/2016,05:39:04,21.8,27.9,1013.3
18/02/2016,05:40:04,21.8,28.2,1013.3
18/02/2016,05:41:04,21.7,28.3,1013.2
18/02/2016,05:42:04,21.8,28.7,1013.2
18/02/2016,05:43:04,21.7,27.9,1013.2
18/02/2016,05:44:05,21.7,28.5,1013.3
18/02/2016,05:45:04,21.7,28.3,1013.2
18/02/2016,05:46:04,21.7,28.1,1013.2
18/02/2016,05:47:05,21.7,28.2,1013.3
18/02/2016,05:48:04,21.7,28.0,1013.2
18/02/2016,05:49:04,21.8,28.2,1013.2
18/02/2016,05:50:04,21.7,28.0,1013.2
18/02/2016,05:51:04,21.7,28.2,1013.2
18/02/2016,05:52:04,21.6,28.3,1013.2
18/02/2016,05:53:04,21.7,27.9,1013.2
18/02/2016,05:54:04,21.8,28.3,1013.3
18/02/2016,05:55:05,21.7,28.5,1013.3
18/02/2016,05:56:04,21.7,28.3,1013.3
18/02/2016,05:57:04,21.7,28.3,1013.3
18/02/2016,05:58:05,21.8,28.4,1013.3
18/02/2016,05:59:04,21.7,28.4,1013.3
18/02/2016,06:00:04,21.8,28.3,1013.3
18/02/2016,06:01:05,21.7,28.0,1013.3
18/02/2016,06:02:04,21.6,28.2,1013.3
18/02/2016,06:03:04,21.8,28.2,1013.4
18/02/2016,06:04:05,21.8,28.1,1013.3
18/02/2016,06:05:04,21.8,28.1,1013.3
18/02/2016,06:06:04,21.8,28.3,1013.3
18/02/2016,06:07:05,21.8,28.3,1013.3
18/02/2016,06:08:04,21.9,28.2,1013.3
18/02/2016,06:09:04,21.9,28.2,1013.3
18/02/2016,06:10:04,22.0,27.7,1013.3
18/02/2016,06:11:04,21.9,28.0,1013.3
18/02/2016,06:12:04,22.0,28.4,1013.3
18/02/2016,06:13:04,21.9,27.9,1013.3
18/02/2016,06:14:04,21.9,27.9,1013.3
18/02/2016,06:15:04,21.9,27.9,1013.3
18/02/2016,06:16:04,21.9,28.2,1013.4
18/02/2016,06:17:04,21.9,27.9,1013.4
18/02/2016,06:18:05,22.0,27.8,1013.3
18/02/2016,06:19:04,21.9,28.0,1013.4
18/02/2016,06:20:04,21.9,28.2,1013.4
18/02/2016,06:21:05,21.9,27.8,1013.4
18/02/2016,06:22:04,21.9,27.9,1013.4
18/02/2016,06:23:04,21.8,27.8,1013.4
18/02/2016,06:24:04,21.9,28.4,1013.4
18/02/2016,06:25:04,21.9,28.0,1013.3
18/02/2016,06:26:05,21.9,28.3,1013.3
18/02/2016,06:27:04,21.8,28.2,1013.4
18/02/2016,06:28:04,21.7,28.2,1013.4
18/02/2016,06:29:05,21.8,28.2,1013.3
18/02/2016,06:30:04,21.7,28.0,1013.3
18/02/2016,06:31:04,21.8,28.4,1013.3
18/02/2016,06:32:04,21.7,28.3,1013.3
18/02/2016,06:33:04,21.7,28.2,1013.3
18/02/2016,06:34:04,21.9,28.5,1013.3
18/02/2016,06:35:04,21.8,28.2,1013.4
18/02/2016,06:36:04,21.8,28.3,1013.4
18/02/2016,06:37:05,21.8,28.5,1013.4
18/02/2016,06:38:04,21.6,28.0,1013.5
18/02/2016,06:39:04,21.8,28.2,1013.5
18/02/2016,06:40:05,21.9,28.7,1013.5
18/02/2016,06:41:04,21.7,28.5,1013.5
18/02/2016,06:42:04,21.9,28.2,1013.5
18/02/2016,06:43:04,21.8,28.5,1013.6
18/02/2016,06:44:04,21.7,28.1,1013.5
18/02/2016,06:45:04,21.8,28.5,1013.5
18/02/2016,06:46:04,21.8,28.2,1013.5
18/02/2016,06:47:04,21.7,28.8,1013.5
18/02/2016,06:48:05,21.7,28.3,1013.5
18/02/2016,06:49:04,21.8,28.4,1013.5
18/02/2016,06:50:04,21.8,28.6,1013.6
18/02/2016,06:51:05,21.7,28.4,1013.5
18/02/2016,06:52:04,21.9,28.5,1013.5
18/02/2016,06:53:04,21.7,28.4,1013.6
18/02/2016,06:54:05,21.7,28.5,1013.5
18/02/2016,06:55:04,21.7,28.8,1013.5
18/02/2016,06:56:04,21.7,28.6,1013.5
18/02/2016,06:57:04,21.5,28.6,1013.5
18/02/2016,06:58:04,21.8,28.6,1013.5
18/02/2016,06:59:04,21.8,28.6,1013.6
18/02/2016,07:00:04,21.8,28.7,1013.6
18/02/2016,07:01:04,21.7,28.5,1013.6
18/02/2016,07:02:05,21.8,28.5,1013.6
18/02/2016,07:03:04,21.7,28.2,1013.6
18/02/2016,07:04:04,21.7,28.5,1013.7
18/02/2016,07:05:05,21.7,28.6,1013.6
18/02/2016,07:06:04,21.7,28.5,1013.7
18/02/2016,07:07:04,21.8,28.7,1013.7
18/02/2016,07:08:05,21.7,28.8,1013.7
18/02/2016,07:09:04,21.6,28.8,1013.6
18/02/2016,07:10:04,21.6,28.6,1013.7
18/02/2016,07:11:04,21.7,28.3,1013.7
18/02/2016,07:12:04,21.9,28.7,1013.6
18/02/2016,07:13:05,21.7,28.6,1013.7
18/02/2016,07:14:04,21.7,28.8,1013.7
18/02/2016,07:15:04,21.7,28.5,1013.7
18/02/2016,07:16:05,21.8,28.7,1013.7
18/02/2016,07:17:04,21.7,28.6,1013.6
18/02/2016,07:18:04,21.7,28.7,1013.7
18/02/2016,07:19:05,21.7,28.8,1013.7
18/02/2016,07:20:04,21.8,28.5,1013.7
18/02/2016,07:21:04,21.7,28.4,1013.7
18/02/2016,07:22:04,21.7,28.3,1013.7
18/02/2016,07:23:04,21.6,28.5,1013.8
18/02/2016,07:24:04,21.6,29.1,1013.8
18/02/2016,07:25:04,21.7,28.6,1013.8
18/02/2016,07:26:04,21.7,29.3,1013.8
18/02/2016,07:27:05,21.7,28.5,1013.8
18/02/2016,07:28:04,21.6,28.5,1013.9
18/02/2016,07:29:04,21.6,28.6,1013.9
18/02/2016,07:30:05,21.7,28.8,1013.9
18/02/2016,07:31:04,21.8,28.4,1013.9
18/02/2016,07:32:04,21.9,28.8,1014.0
18/02/2016,07:33:05,21.9,28.4,1014.0
18/02/2016,07:34:04,21.9,29.0,1014.0
18/02/2016,07:35:04,21.9,28.4,1014.0
18/02/2016,07:36:04,21.9,28.7,1014.1
18/02/2016,07:37:04,21.8,28.1,1014.1
18/02/2016,07:38:04,21.9,28.3,1014.2
18/02/2016,07:39:04,21.9,28.5,1014.2
18/02/2016,07:40:04,22.0,28.4,1014.3
18/02/2016,07:41:05,21.9,28.3,1014.3
18/02/2016,07:42:04,22.0,28.5,1014.3
18/02/2016,07:43:04,21.9,28.5,1014.3
18/02/2016,07:44:05,22.0,28.3,1014.3
18/02/2016,07:45:04,21.9,28.7,1014.3
18/02/2016,07:46:04,22.0,28.5,1014.3
18/02/2016,07:47:05,22.0,28.5,1014.3
18/02/2016,07:48:04,21.9,28.2,1014.4
18/02/2016,07:49:04,21.7,28.9,1014.3
18/02/2016,07:50:04,21.8,28.9,1014.3
18/02/2016,07:51:04,21.8,28.6,1014.4
18/02/2016,07:52:04,21.9,28.8,1014.4
18/02/2016,07:53:04,21.9,28.7,1014.4
18/02/2016,07:54:04,21.7,29.2,1014.5
18/02/2016,07:55:05,21.8,28.7,1014.5
18/02/2016,07:56:04,21.7,28.5,1014.5
18/02/2016,07:57:04,21.6,29.0,1014.5
18/02/2016,07:58:05,21.7,28.8,1014.5
18/02/2016,07:59:04,21.7,28.7,1014.5
18/02/2016,08:00:04,21.7,28.8,1014.6
18/02/2016,08:01:05,21.6,29.0,1014.6
18/02/2016,08:02:04,21.6,28.8,1014.6
18/02/2016,08:03:04,21.7,28.8,1014.6
18/02/2016,08:04:04,21.6,28.8,1014.6
18/02/2016,08:05:04,21.7,29.1,1014.7
18/02/2016,08:06:04,21.6,28.9,1014.6
18/02/2016,08:07:04,21.7,28.9,1014.6
18/02/2016,08:08:04,21.6,29.1,1014.7
18/02/2016,08:09:05,21.7,28.7,1014.7
18/02/2016,08:10:04,21.7,28.9,1014.7
18/02/2016,08:11:04,21.6,28.7,1014.7
18/02/2016,08:12:05,21.7,28.8,1014.7
18/02/2016,08:13:04,21.7,28.7,1014.7
18/02/2016,08:14:04,21.6,28.9,1014.7
18/02/2016,08:15:04,21.7,28.7,1014.7
18/02/2016,08:16:04,21.7,28.9,1014.7
18/02/2016,08:17:04,21.7,28.8,1014.7
18/02/2016,08:18:04,21.7,29.0,1014.7
18/02/2016,08:19:04,21.7,28.6,1014.7
18/02/2016,08:20:05,21.7,29.0,1014.7
18/02/2016,08:21:04,21.7,29.1,1014.8
18/02/2016,08:22:04,21.6,29.2,1014.8
18/02/2016,08:23:05,21.6,28.8,1014.8
18/02/2016,08:24:04,21.7,28.9,1014.8
18/02/2016,08:25:04,21.6,29.1,1014.8
18/02/2016,08:26:05,21.7,29.0,1014.8
18/02/2016,08:27:04,21.6,28.8,1014.8
18/02/2016,08:28:04,21.7,28.9,1014.8
18/02/2016,08:29:04,21.7,29.0,1014.8
18/02/2016,08:30:04,21.6,29.0,1014.8
18/02/2016,08:31:04,21.8,29.3,1014.9
18/02/2016,08:32:04,21.7,28.6,1014.8
18/02/2016,08:33:04,21.7,28.5,1014.8
18/02/2016,08:34:05,21.6,29.0,1014.9
18/02/2016,08:35:04,21.8,28.9,1014.9
18/02/2016,08:36:04,21.8,28.9,1014.9
18/02/2016,08:37:05,21.7,29.1,1014.9
18/02/2016,08:38:04,21.7,29.2,1014.9
18/02/2016,08:39:04,21.6,29.0,1014.9
18/02/2016,08:40:04,21.6,29.2,1014.9
18/02/2016,08:41:04,21.7,29.1,1015.0
18/02/2016,08:42:04,21.6,28.8,1014.9
18/02/2016,08:43:04,21.7,28.8,1014.9
18/02/2016,08:44:04,21.6,29.0,1015.0
18/02/2016,08:45:05,21.7,29.2,1015.0
18/02/2016,08:46:04,21.6,29.1,1015.0
18/02/2016,08:47:04,21.7,29.1,1015.0
18/02/2016,08:48:05,21.7,29.2,1015.0
18/02/2016,08:49:04,21.7,29.1,1015.0
18/02/2016,08:50:04,21.7,29.2,1015.0
18/02/2016,08:51:05,21.6,28.9,1015.0
18/02/2016,08:52:04,21.7,29.0,1015.0
18/02/2016,08:53:04,21.6,29.2,1015.0
18/02/2016,08:54:04,21.5,29.0,1015.0
18/02/2016,08:55:04,21.6,28.9,1015.0
18/02/2016,08:56:04,21.6,29.1,1015.0
18/02/2016,08:57:04,21.7,29.1,1015.0
18/02/2016,08:58:04,21.8,29.3,1015.0
18/02/2016,08:59:05,21.8,29.0,1015.0
18/02/2016,09:00:04,21.9,28.9,1015.0
18/02/2016,09:01:04,21.9,28.9,1015.1
18/02/2016,09:02:05,21.9,29.1,1015.1
18/02/2016,09:03:04,21.9,28.9,1015.1
18/02/2016,09:04:04,21.9,29.0,1015.1
18/02/2016,09:05:05,21.8,28.9,1015.1
18/02/2016,09:06:04,21.9,28.8,1015.1
18/02/2016,09:07:04,21.9,28.6,1015.1
18/02/2016,09:08:05,22.0,28.6,1015.1
18/02/2016,09:09:04,22.0,28.8,1015.1
18/02/2016,09:10:04,22.0,29.0,1015.1
18/02/2016,09:11:04,21.9,28.8,1015.1
18/02/2016,09:12:04,22.0,28.8,1015.2
18/02/2016,09:13:04,22.0,28.5,1015.1
18/02/2016,09:14:04,21.7,29.2,1015.2
18/02/2016,09:15:04,21.9,28.7,1015.2
18/02/2016,09:16:04,21.7,28.9,1015.2
18/02/2016,09:17:04,21.7,28.9,1015.2
18/02/2016,09:18:04,21.8,29.1,1015.3
18/02/2016,09:19:05,21.9,29.3,1015.3
18/02/2016,09:20:04,21.8,28.9,1015.3
18/02/2016,09:21:04,21.8,28.9,1015.3
18/02/2016,09:22:05,21.7,28.9,1015.3
18/02/2016,09:23:04,21.8,29.2,1015.3
18/02/2016,09:24:04,21.8,29.1,1015.4
18/02/2016,09:25:05,21.7,29.3,1015.4
18/02/2016,09:26:04,21.5,29.1,1015.4
18/02/2016,09:27:04,21.6,29.1,1015.4
18/02/2016,09:28:05,21.6,28.8,1015.5
18/02/2016,09:29:04,21.8,29.1,1015.5
18/02/2016,09:30:04,21.7,29.1,1015.5
18/02/2016,09:31:05,21.7,29.1,1015.5
18/02/2016,09:32:04,21.6,29.5,1015.5
18/02/2016,09:33:04,21.6,29.0,1015.5
18/02/2016,09:34:05,21.7,29.3,1015.5
18/02/2016,09:35:04,21.7,29.1,1015.6
18/02/2016,09:36:04,21.6,29.1,1015.5
18/02/2016,09:37:04,21.6,29.2,1015.5
18/02/2016,09:38:04,21.6,29.5,1015.5
18/02/2016,09:39:04,21.7,28.6,1015.6
18/02/2016,09:40:04,21.7,29.2,1015.6
18/02/2016,09:41:04,21.7,29.4,1015.6
18/02/2016,09:42:05,21.6,29.1,1015.6
18/02/2016,09:43:04,21.6,29.1,1015.7
18/02/2016,09:44:04,21.6,29.3,1015.7
18/02/2016,09:45:05,21.6,29.5,1015.7
18/02/2016,09:46:04,21.5,29.3,1015.7
18/02/2016,09:47:04,21.6,29.2,1015.7
18/02/2016,09:48:05,21.6,29.1,1015.8
18/02/2016,09:49:04,21.6,29.2,1015.8
18/02/2016,09:50:04,21.6,29.3,1015.8
18/02/2016,09:51:04,21.6,29.2,1015.8
18/02/2016,09:52:04,21.6,29.2,1015.8
18/02/2016,09:53:04,21.7,29.1,1015.9
18/02/2016,09:54:04,21.6,29.5,1015.9
18/02/2016,09:55:04,21.4,29.2,1015.9
18/02/2016,09:56:05,21.6,29.5,1015.9
18/02/2016,09:57:04,21.7,29.3,1015.9
18/02/2016,09:58:04,21.6,29.5,1015.9
18/02/2016,09:59:05,21.6,29.3,1015.9
18/02/2016,10:00:04,21.6,29.3,1016.0
18/02/2016,10:01:04,21.5,29.5,1016.0
18/02/2016,10:02:05,21.6,28.9,1016.0
18/02/2016,10:03:04,21.6,29.2,1016.0
18/02/2016,10:04:04,21.6,29.4,1016.0
18/02/2016,10:05:05,21.8,29.5,1016.0
18/02/2016,10:06:04,21.6,29.5,1016.0
18/02/2016,10:07:04,21.6,28.8,1016.0
18/02/2016,10:08:04,21.8,29.3,1016.0
18/02/2016,10:09:04,21.7,29.3,1016.0
18/02/2016,10:10:04,21.7,29.5,1016.1
18/02/2016,10:11:04,21.7,29.4,1016.1
18/02/2016,10:12:04,21.8,28.9,1016.1
18/02/2016,10:13:04,21.7,29.3,1016.1
18/02/2016,10:14:04,21.6,29.3,1016.1
18/02/2016,10:15:04,21.7,29.2,1016.2
18/02/2016,10:16:05,21.6,29.6,1016.2
18/02/2016,10:17:04,21.6,29.1,1016.1
18/02/2016,10:18:04,21.6,29.4,1016.2
18/02/2016,10:19:05,21.6,29.6,1016.2
18/02/2016,10:20:04,21.7,28.7,1016.2
18/02/2016,10:21:04,21.6,29.7,1016.2
18/02/2016,10:22:05,21.7,29.5,1016.2
18/02/2016,10:23:04,21.7,29.4,1016.2
18/02/2016,10:24:04,21.6,29.4,1016.2
18/02/2016,10:25:05,21.7,29.3,1016.2
18/02/2016,10:26:04,21.8,29.4,1016.2
18/02/2016,10:27:04,21.9,29.0,1016.3
18/02/2016,10:28:04,21.9,28.7,1016.3
18/02/2016,10:29:04,21.9,29.3,1016.3
18/02/2016,10:30:04,21.9,28.9,1016.3
18/02/2016,10:31:04,21.8,29.1,1016.3
18/02/2016,10:32:04,21.9,29.0,1016.3
18/02/2016,10:33:05,21.9,29.3,1016.3
18/02/2016,10:34:04,21.9,29.4,1016.4
18/02/2016,10:35:04,21.9,29.3,1016.4
18/02/2016,10:36:05,21.9,29.1,1016.4
18/02/2016,10:37:04,21.9,29.4,1016.4
18/02/2016,10:38:04,21.8,29.2,1016.4
18/02/2016,10:39:05,21.9,29.1,1016.4
18/02/2016,10:40:04,21.9,29.3,1016.4
18/02/2016,10:41:04,21.7,28.9,1016.4
18/02/2016,10:42:05,21.7,29.1,1016.4
18/02/2016,10:43:04,21.9,29.2,1016.4
18/02/2016,10:44:04,21.8,29.3,1016.5
18/02/2016,10:45:04,21.7,29.5,1016.5
18/02/2016,10:46:04,21.6,29.5,1016.5
18/02/2016,10:47:04,21.7,29.3,1016.5
18/02/2016,10:48:04,21.6,29.3,1016.6
18/02/2016,10:49:04,21.7,29.6,1016.6
18/02/2016,10:50:04,21.7,29.8,1016.6
18/02/2016,10:51:04,21.7,29.6,1016.6
18/02/2016,10:52:04,21.6,29.6,1016.6
18/02/2016,10:53:04,21.6,29.4,1016.6
18/02/2016,10:54:04,21.6,29.6,1016.6
18/02/2016,10:55:04,21.6,29.7,1016.6
18/02/2016,10:56:04,21.7,29.2,1016.6
18/02/2016,10:57:04,21.6,29.7,1016.5
18/02/2016,10:58:04,21.7,29.8,1016.6
18/02/2016,10:59:05,21.7,30.0,1016.6
18/02/2016,11:00:04,21.5,29.5,1016.6
18/02/2016,11:01:04,21.7,29.3,1016.6
18/02/2016,11:02:05,21.6,29.6,1016.6
18/02/2016,11:03:04,21.6,29.8,1016.6
18/02/2016,11:04:04,21.6,29.6,1016.6
18/02/2016,11:05:05,21.5,29.5,1016.6
18/02/2016,11:06:04,21.6,29.7,1016.7
18/02/2016,11:07:04,21.6,29.6,1016.7
18/02/2016,11:08:05,21.7,29.4,1016.7
18/02/2016,11:09:04,21.6,29.7,1016.7
18/02/2016,11:10:04,21.7,29.5,1016.7
18/02/2016,11:11:05,21.6,29.7,1016.7
18/02/2016,11:12:04,21.7,29.5,1016.7
18/02/2016,11:13:04,21.5,29.6,1016.7
18/02/2016,11:14:04,21.7,29.9,1016.7
18/02/2016,11:15:04,21.5,29.7,1016.7
18/02/2016,11:16:04,21.7,29.6,1016.8
18/02/2016,11:17:04,21.7,29.8,1016.7
18/02/2016,11:18:04,21.6,29.8,1016.8
18/02/2016,11:19:04,21.7,29.6,1016.8
18/02/2016,11:20:04,21.7,29.8,1016.8
18/02/2016,11:21:04,21.5,29.9,1016.9
18/02/2016,11:22:04,21.6,29.8,1016.9
18/02/2016,11:23:04,21.7,29.6,1016.9
18/02/2016,11:24:04,21.6,30.1,1016.9
18/02/2016,11:25:04,21.8,29.7,1016.8
18/02/2016,11:26:04,21.7,30.0,1016.9
18/02/2016,11:27:04,21.7,29.5,1016.9
18/02/2016,11:28:04,21.7,30.0,1016.9
18/02/2016,11:29:04,21.6,29.8,1016.9
18/02/2016,11:30:04,21.6,30.2,1016.9
18/02/2016,11:31:05,21.7,29.8,1016.9
18/02/2016,11:32:04,21.7,29.6,1016.8
18/02/2016,11:33:04,21.7,29.9,1016.8
18/02/2016,11:34:05,21.6,29.9,1016.8
18/02/2016,11:35:04,21.6,30.0,1016.8
18/02/2016,11:36:04,21.6,30.2,1016.8
18/02/2016,11:37:05,21.6,30.1,1016.8
18/02/2016,11:38:04,21.7,29.6,1016.8
18/02/2016,11:39:04,21.7,29.6,1016.8
18/02/2016,11:40:05,21.8,29.7,1016.8
18/02/2016,11:41:04,21.7,30.0,1016.8
18/02/2016,11:42:04,21.7,30.3,1016.9
18/02/2016,11:43:04,21.6,30.1,1016.8
18/02/2016,11:44:04,21.6,29.7,1016.8
18/02/2016,11:45:04,21.7,29.9,1016.9
18/02/2016,11:46:04,21.7,29.9,1016.8
18/02/2016,11:47:04,21.7,30.0,1016.9
18/02/2016,11:48:04,21.6,30.0,1016.8
18/02/2016,11:49:04,21.7,30.4,1016.8
18/02/2016,11:50:04,21.9,30.2,1016.8
18/02/2016,11:51:05,21.7,30.2,1016.8
18/02/2016,11:52:04,21.8,30.2,1016.8
18/02/2016,11:53:04,21.7,29.8,1016.8
18/02/2016,11:54:05,21.6,30.0,1016.8
18/02/2016,11:55:04,21.8,29.6,1016.8
18/02/2016,11:56:04,21.8,30.1,1016.8
18/02/2016,11:57:05,21.7,30.1,1016.8
18/02/2016,11:58:04,21.7,29.9,1016.8
18/02/2016,11:59:04,21.7,30.2,1016.9
18/02/2016,12:00:05,21.8,30.0,1016.9
18/02/2016,12:01:04,21.7,30.0,1016.9
18/02/2016,12:02:04,21.7,30.1,1016.8
18/02/2016,12:03:04,21.7,29.9,1016.8
18/02/2016,12:04:04,21.7,30.2,1016.9
18/02/2016,12:05:04,21.8,30.2,1016.9
18/02/2016,12:06:04,21.6,30.3,1016.9
18/02/2016,12:07:04,21.7,30.3,1016.9
18/02/2016,12:08:04,21.7,30.4,1016.9
18/02/2016,12:09:04,21.8,30.1,1016.9
18/02/2016,12:10:04,21.8,30.2,1016.9
18/02/2016,12:11:04,21.7,30.2,1016.9
18/02/2016,12:12:04,21.7,30.1,1016.9
18/02/2016,12:13:04,21.6,30.3,1016.9
18/02/2016,12:14:04,21.6,30.8,1016.8
18/02/2016,12:15:04,21.7,30.5,1016.8
18/02/2016,12:16:04,21.8,31.0,1016.8
18/02/2016,12:17:05,21.7,30.3,1016.8
18/02/2016,12:18:04,21.6,30.4,1016.8
18/02/2016,12:19:04,21.9,30.7,1016.8
18/02/2016,12:20:05,21.9,30.2,1016.7
18/02/2016,12:21:04,21.8,30.3,1016.7
18/02/2016,12:22:04,21.7,30.7,1016.7
18/02/2016,12:23:05,21.8,30.0,1016.7
18/02/2016,12:24:04,21.7,30.1,1016.7
18/02/2016,12:25:04,21.7,30.1,1016.7
18/02/2016,12:26:05,21.8,30.0,1016.6
18/02/2016,12:27:04,21.8,30.0,1016.6
18/02/2016,12:28:04,21.8,30.4,1016.6
18/02/2016,12:29:04,21.7,30.3,1016.7
18/02/2016,12:30:04,21.8,30.7,1016.7
18/02/2016,12:31:04,21.8,30.2,1016.8
18/02/2016,12:32:04,21.7,30.5,1016.8
18/02/2016,12:33:04,21.8,30.3,1016.8
18/02/2016,12:34:04,21.9,30.6,1016.8
18/02/2016,12:35:04,21.8,30.2,1016.7
18/02/2016,12:36:04,21.7,30.3,1016.7
18/02/2016,12:37:04,21.7,30.3,1016.7
18/02/2016,12:38:04,21.7,30.7,1016.7
18/02/2016,12:39:04,21.8,30.6,1016.7
18/02/2016,12:40:05,21.8,30.4,1016.7
18/02/2016,12:41:04,21.7,30.2,1016.8
18/02/2016,12:42:04,21.7,30.7,1016.8
18/02/2016,12:43:05,21.8,30.3,1016.8
18/02/2016,12:44:04,21.7,30.6,1016.8
18/02/2016,12:45:04,21.8,30.7,1016.8
18/02/2016,12:46:05,21.9,30.8,1016.9
18/02/2016,12:47:04,21.7,30.3,1016.9
18/02/2016,12:48:04,21.9,30.6,1016.8
18/02/2016,12:49:04,21.7,30.8,1016.9
18/02/2016,12:50:04,21.8,31.0,1016.9
18/02/2016,12:51:04,21.7,30.7,1016.8
18/02/2016,12:52:04,21.7,30.7,1016.9
18/02/2016,12:53:04,21.7,30.5,1016.9
18/02/2016,12:54:04,21.8,30.8,1016.9
18/02/2016,12:55:04,21.8,30.7,1016.9
18/02/2016,12:56:04,21.7,30.9,1016.9
18/02/2016,12:57:04,21.6,30.9,1016.9
18/02/2016,12:58:04,21.8,30.5,1016.9
18/02/2016,12:59:04,21.8,30.8,1016.9
18/02/2016,13:00:04,21.7,30.4,1016.9
18/02/2016,13:01:04,21.8,30.8,1016.9
18/02/2016,13:02:04,21.8,30.9,1016.9
18/02/2016,13:03:05,21.8,30.7,1016.9
18/02/2016,13:04:04,21.8,31.0,1016.9
18/02/2016,13:05:04,21.8,30.7,1017.0
18/02/2016,13:06:05,21.8,30.6,1016.9
18/02/2016,13:07:04,21.7,31.1,1017.0
18/02/2016,13:08:04,21.8,30.6,1017.0
18/02/2016,13:09:05,21.8,30.8,1016.9
18/02/2016,13:10:04,21.7,30.9,1016.9
18/02/2016,13:11:04,21.7,31.0,1016.9
18/02/2016,13:12:05,21.9,30.8,1016.9
18/02/2016,13:13:04,21.8,31.1,1016.9
18/02/2016,13:14:04,21.8,31.0,1016.9
18/02/2016,13:15:04,21.8,30.7,1017.0
18/02/2016,13:16:04,21.9,30.8,1017.0
18/02/2016,13:17:04,21.9,30.8,1017.0
18/02/2016,13:18:04,21.9,31.0,1017.0
18/02/2016,13:19:04,22.1,30.5,1017.0
18/02/2016,13:20:04,22.1,30.6,1017.0
18/02/2016,13:21:04,22.0,30.7,1017.0
18/02/2016,13:22:04,22.1,31.2,1017.0
18/02/2016,13:23:05,22.1,30.7,1017.0
18/02/2016,13:24:04,22.1,31.1,1017.1
18/02/2016,13:25:04,22.0,30.7,1017.1
18/02/2016,13:26:05,22.1,31.1,1017.1
18/02/2016,13:27:04,22.1,30.5,1017.1
18/02/2016,13:28:04,22.1,30.7,1017.1
18/02/2016,13:29:05,22.0,30.5,1017.1
18/02/2016,13:30:04,22.1,30.6,1017.1
18/02/2016,13:31:04,21.9,30.7,1017.1
18/02/2016,13:32:04,22.0,30.4,1017.1
18/02/2016,13:33:04,21.9,31.0,1017.1
18/02/2016,13:34:04,22.1,31.0,1017.2
18/02/2016,13:35:04,22.0,30.8,1017.2
18/02/2016,13:36:04,22.0,30.9,1017.2
18/02/2016,13:37:05,21.9,31.1,1017.2
18/02/2016,13:38:04,21.9,31.2,1017.3
18/02/2016,13:39:04,21.9,30.9,1017.2
18/02/2016,13:40:05,21.9,31.1,1017.3
18/02/2016,13:41:04,21.8,31.0,1017.3
18/02/2016,13:42:04,21.9,31.1,1017.3
18/02/2016,13:43:04,22.0,31.3,1017.3
18/02/2016,13:44:04,21.9,31.0,1017.3
18/02/2016,13:45:04,21.9,31.3,1017.3
18/02/2016,13:46:04,21.9,31.1,1017.3
18/02/2016,13:47:04,21.9,31.2,1017.3
18/02/2016,13:48:05,21.8,31.3,1017.4
18/02/2016,13:49:04,21.8,31.2,1017.4
18/02/2016,13:50:04,21.9,31.1,1017.4
18/02/2016,13:51:05,21.9,31.5,1017.4
18/02/2016,13:52:04,22.0,30.9,1017.4
18/02/2016,13:53:04,21.9,31.2,1017.4
18/02/2016,13:54:05,21.9,30.9,1017.4
18/02/2016,13:55:04,21.9,31.1,1017.4
18/02/2016,13:56:04,21.9,31.3,1017.4
18/02/2016,13:57:04,21.9,31.4,1017.4
18/02/2016,13:58:04,22.0,31.4,1017.4
18/02/2016,13:59:04,21.9,31.1,1017.5
18/02/2016,14:00:04,21.9,31.3,1017.3
18/02/2016,14:01:04,21.9,31.6,1017.4
18/02/2016,14:02:05,21.9,31.4,1017.4
18/02/2016,14:03:04,21.9,31.3,1017.5
18/02/2016,14:04:04,21.9,31.2,1017.5
18/02/2016,14:05:05,21.9,31.0,1017.3
18/02/2016,14:06:04,21.8,31.2,1017.4
18/02/2016,14:07:04,21.9,31.4,1017.4
18/02/2016,14:08:05,21.9,31.3,1017.5
18/02/2016,14:09:04,22.0,31.0,1017.5
18/02/2016,14:10:04,21.9,30.8,1017.5
18/02/2016,14:11:04,22.1,31.3,1017.5
18/02/2016,14:12:04,22.0,31.0,1017.5
18/02/2016,14:13:04,22.0,31.3,1017.5
18/02/2016,14:14:04,22.1,31.4,1017.5
18/02/2016,14:15:04,21.9,31.0,1017.5
18/02/2016,14:16:05,22.0,31.4,1017.6
18/02/2016,14:17:04,22.1,30.9,1017.6
18/02/2016,14:18:04,22.1,31.1,1017.5
18/02/2016,14:19:05,22.1,31.2,1017.5
18/02/2016,14:20:04,22.2,31.5,1017.5
18/02/2016,14:21:04,22.0,31.5,1017.6
18/02/2016,14:22:05,22.0,31.0,1017.6
18/02/2016,14:23:04,22.1,31.2,1017.6
18/02/2016,14:24:04,22.0,31.3,1017.6
18/02/2016,14:25:04,22.0,31.3,1017.6
18/02/2016,14:26:04,22.1,31.3,1017.6
18/02/2016,14:27:04,22.1,31.7,1017.6
18/02/2016,14:28:04,22.1,31.1,1017.6
18/02/2016,14:29:04,22.1,31.6,1017.6
18/02/2016,14:30:05,22.1,31.3,1017.6
18/02/2016,14:31:04,22.1,31.6,1017.6
18/02/2016,14:32:04,22.2,31.5,1017.6
18/02/2016,14:33:05,22.2,30.9,1017.5
18/02/2016,14:34:04,22.2,31.4,1017.6
18/02/2016,14:35:04,22.3,31.5,1017.6
18/02/2016,14:36:05,22.2,30.8,1017.6
18/02/2016,14:37:04,22.3,31.2,1017.6
18/02/2016,14:38:04,22.4,30.9,1017.6
18/02/2016,14:39:05,22.4,31.2,1017.6
18/02/2016,14:40:04,22.4,31.0,1017.6
18/02/2016,14:41:04,22.5,31.1,1017.7
18/02/2016,14:42:04,22.5,31.1,1017.7
18/02/2016,14:43:04,22.5,31.3,1017.7
18/02/2016,14:44:05,22.6,30.9,1017.7
18/02/2016,14:45:04,22.5,31.2,1017.7
18/02/2016,14:46:04,22.5,31.3,1017.7
18/02/2016,14:47:05,22.5,30.8,1017.7
18/02/2016,14:48:04,22.5,31.0,1017.7
18/02/2016,14:49:04,22.5,31.0,1017.7
18/02/2016,14:50:05,22.4,31.2,1017.7
18/02/2016,14:51:04,22.6,30.8,1017.7
18/02/2016,14:52:04,22.6,31.6,1017.7
18/02/2016,14:53:04,22.3,30.8,1017.7
18/02/2016,14:54:04,22.4,30.8,1017.7
18/02/2016,14:55:04,22.4,30.9,1017.8
18/02/2016,14:56:04,22.2,30.9,1017.7
18/02/2016,14:57:04,22.4,31.1,1017.7
18/02/2016,14:58:05,22.3,31.2,1017.8
18/02/2016,14:59:04,22.3,31.1,1017.8
18/02/2016,15:00:04,22.3,31.2,1017.8
18/02/2016,15:01:05,22.4,31.1,1017.8
18/02/2016,15:02:04,22.2,31.3,1017.8
18/02/2016,15:03:04,22.3,31.4,1017.8
18/02/2016,15:04:05,22.4,31.5,1017.8
18/02/2016,15:05:04,22.2,31.0,1017.8
18/02/2016,15:06:04,22.2,31.1,1017.8
18/02/2016,15:07:04,22.2,31.2,1017.8
18/02/2016,15:08:04,22.1,31.5,1017.9
18/02/2016,15:09:04,22.2,31.2,1017.9
18/02/2016,15:10:04,22.1,31.4,1017.8
18/02/2016,15:11:04,22.2,31.2,1017.9
18/02/2016,15:12:05,22.1,31.2,1017.9
18/02/2016,15:13:04,22.2,31.6,1017.9
18/02/2016,15:14:04,22.1,31.4,1017.9
18/02/2016,15:15:05,22.1,31.3,1018.0
18/02/2016,15:16:04,22.1,31.0,1018.0
18/02/2016,15:17:04,22.0,31.5,1018.0
18/02/2016,15:18:05,22.1,31.3,1018.0
18/02/2016,15:19:04,22.1,31.0,1018.0
18/02/2016,15:20:04,22.1,31.2,1018.0
18/02/2016,15:21:05,22.1,30.8,1018.0
18/02/2016,15:22:04,21.9,31.3,1018.0
18/02/2016,15:23:04,22.0,31.2,1018.0
18/02/2016,15:24:04,22.1,31.3,1018.0
18/02/2016,15:25:04,22.1,31.3,1018.1
18/02/2016,15:26:04,22.0,30.9,1018.1
18/02/2016,15:27:04,22.2,30.9,1018.0
18/02/2016,15:28:04,22.1,31.1,1018.0
18/02/2016,15:29:04,22.2,31.3,1018.1
18/02/2016,15:30:04,22.2,31.2,1018.1
18/02/2016,15:31:04,22.3,30.8,1018.1
18/02/2016,15:32:05,22.3,31.1,1018.1
18/02/2016,15:33:04,22.3,31.0,1018.2
18/02/2016,15:34:04,22.2,31.2,1018.1
18/02/2016,15:35:05,22.2,31.1,1018.1
18/02/2016,15:36:04,22.2,30.4,1018.2
18/02/2016,15:37:04,22.2,30.6,1018.2
18/02/2016,15:38:05,22.2,30.9,1018.2
18/02/2016,15:39:04,22.2,30.9,1018.2
18/02/2016,15:40:04,22.2,30.6,1018.2
18/02/2016,15:41:04,22.3,30.8,1018.3
18/02/2016,15:42:04,22.3,30.8,1018.3
18/02/2016,15:43:04,22.2,31.1,1018.2
18/02/2016,15:44:04,22.4,30.8,1018.3
18/02/2016,15:45:04,22.3,30.8,1018.3
18/02/2016,15:46:04,22.4,30.9,1018.3
18/02/2016,15:47:04,22.3,30.7,1018.4
18/02/2016,15:48:04,22.4,30.8,1018.4
18/02/2016,15:49:04,22.4,30.8,1018.4
18/02/2016,15:50:04,22.4,30.6,1018.4
18/02/2016,15:51:04,22.2,30.8,1018.4
18/02/2016,15:52:05,22.3,30.9,1018.4
18/02/2016,15:53:04,22.3,30.7,1018.4
18/02/2016,15:54:04,22.3,30.8,1018.4
18/02/2016,15:55:05,22.3,30.9,1018.4
18/02/2016,15:56:04,22.4,31.0,1018.4
18/02/2016,15:57:04,22.3,30.6,1018.4
18/02/2016,15:58:05,22.3,30.6,1018.4
18/02/2016,15:59:04,22.4,31.1,1018.4
18/02/2016,16:00:04,22.4,30.7,1018.4
18/02/2016,16:01:05,22.5,31.0,1018.4
18/02/2016,16:02:04,22.4,31.1,1018.5
18/02/2016,16:03:04,22.4,30.7,1018.4
18/02/2016,16:04:05,22.4,30.6,1018.5
18/02/2016,16:05:04,22.6,30.9,1018.4
18/02/2016,16:06:04,22.4,30.6,1018.4
18/02/2016,16:07:05,22.5,30.7,1018.5
18/02/2016,16:08:04,22.5,30.7,1018.5
18/02/2016,16:09:04,22.3,31.0,1018.5
18/02/2016,16:10:05,22.3,30.8,1018.5
18/02/2016,16:11:04,22.4,31.0,1018.5
18/02/2016,16:12:04,22.4,30.8,1018.6
18/02/2016,16:13:05,22.4,30.8,1018.6
18/02/2016,16:14:04,22.3,30.9,1018.6
18/02/2016,16:15:04,22.3,30.9,1018.6
18/02/2016,16:16:05,22.3,30.7,1018.7
18/02/2016,16:17:04,22.2,31.0,1018.7
18/02/2016,16:18:04,22.3,30.9,1018.6
18/02/2016,16:19:05,22.2,31.1,1018.7
18/02/2016,16:20:04,22.2,30.9,1018.7
18/02/2016,16:21:04,22.3,31.1,1018.7
18/02/2016,16:22:05,22.2,31.1,1018.7
18/02/2016,16:23:04,22.1,31.0,1018.7
18/02/2016,16:24:04,22.2,31.0,1018.7
18/02/2016,16:25:04,22.2,31.0,1018.7
18/02/2016,16:26:04,22.1,31.2,1018.7
18/02/2016,16:27:04,22.2,31.3,1018.7
18/02/2016,16:28:04,22.3,31.4,1018.6
18/02/2016,16:29:04,22.3,31.4,1018.7
18/02/2016,16:30:04,22.2,31.3,1018.7
18/02/2016,16:31:04,22.3,31.0,1018.7
18/02/2016,16:32:04,22.1,31.5,1018.7
18/02/2016,16:33:04,22.2,31.1,1018.7
18/02/2016,16:34:04,22.2,31.4,1018.7
18/02/2016,16:35:04,22.2,30.9,1018.8
18/02/2016,16:36:04,22.1,31.2,1018.7
18/02/2016,16:37:04,22.1,31.5,1018.8
18/02/2016,16:38:04,22.1,31.3,1018.8
18/02/2016,16:39:05,22.1,31.2,1018.8
18/02/2016,16:40:04,22.0,31.3,1018.8
18/02/2016,16:41:04,22.1,31.3,1018.8
18/02/2016,16:42:05,22.1,31.2,1018.8
18/02/2016,16:43:04,22.1,31.5,1018.8
18/02/2016,16:44:04,22.1,31.4,1018.8
18/02/2016,16:45:04,22.1,31.4,1018.8
18/02/2016,16:46:04,22.2,31.0,1018.9
18/02/2016,16:47:04,22.1,31.7,1018.9
18/02/2016,16:48:04,22.2,31.4,1018.9
18/02/2016,16:49:04,22.1,31.4,1018.9
18/02/2016,16:50:04,22.1,31.4,1018.9
18/02/2016,16:51:04,22.1,31.3,1018.9
18/02/2016,16:52:04,22.2,31.3,1019.0
18/02/2016,16:53:05,21.9,31.2,1018.9
18/02/2016,16:54:04,22.2,31.2,1018.9
18/02/2016,16:55:04,22.1,31.3,1019.0
18/02/2016,16:56:05,22.1,31.8,1018.9
18/02/2016,16:57:04,22.1,31.3,1018.9
18/02/2016,16:58:04,22.1,31.2,1019.0
18/02/2016,16:59:04,22.1,31.3,1018.9
18/02/2016,17:00:04,22.1,31.1,1019.0
18/02/2016,17:01:04,22.1,31.1,1019.0
18/02/2016,17:02:04,22.0,30.9,1019.0
18/02/2016,17:03:04,22.0,31.2,1019.0
18/02/2016,17:04:04,21.9,31.2,1019.0
18/02/2016,17:05:04,22.1,31.3,1019.0
18/02/2016,17:06:04,22.0,31.5,1019.1
18/02/2016,17:07:05,22.2,31.0,1019.1
18/02/2016,17:08:04,22.1,31.0,1019.1
18/02/2016,17:09:04,22.1,31.2,1019.1
18/02/2016,17:10:05,22.0,30.9,1019.2
18/02/2016,17:11:04,21.9,31.1,1019.2
18/02/2016,17:12:04,22.0,31.2,1019.1
18/02/2016,17:13:05,21.9,31.0,1019.3
18/02/2016,17:14:04,22.1,31.2,1019.3
18/02/2016,17:15:04,22.0,31.3,1019.3
18/02/2016,17:16:04,22.1,31.4,1019.3
18/02/2016,17:17:04,21.9,31.0,1019.3
18/02/2016,17:18:04,22.0,31.3,1019.4
18/02/2016,17:19:04,22.0,30.9,1019.4
18/02/2016,17:20:04,21.9,31.1,1019.4
18/02/2016,17:21:05,22.1,31.3,1019.5
18/02/2016,17:22:04,22.0,30.9,1019.5
18/02/2016,17:23:04,22.1,31.0,1019.5
18/02/2016,17:24:05,22.0,30.7,1019.5
18/02/2016,17:25:04,22.0,30.6,1019.5
18/02/2016,17:26:04,22.0,30.7,1019.5
18/02/2016,17:27:05,21.9,30.7,1019.5
18/02/2016,17:28:04,22.2,30.6,1019.5
18/02/2016,17:29:04,22.0,31.2,1019.6
18/02/2016,17:30:05,22.0,30.8,1019.6
18/02/2016,17:31:04,22.1,30.8,1019.6
18/02/2016,17:32:04,22.1,30.7,1019.6
18/02/2016,17:33:04,22.0,30.6,1019.7
18/02/2016,17:34:04,22.2,30.6,1019.7
18/02/2016,17:35:04,22.3,30.7,1019.7
18/02/2016,17:36:04,22.2,30.5,1019.7
18/02/2016,17:37:04,22.2,30.8,1019.7
18/02/2016,17:38:05,22.1,30.4,1019.7
18/02/2016,17:39:04,22.2,30.5,1019.7
18/02/2016,17:40:04,22.2,30.5,1019.7
18/02/2016,17:41:05,22.3,30.4,1019.8
18/02/2016,17:42:04,22.3,30.4,1019.9
18/02/2016,17:43:04,22.3,30.4,1019.8
18/02/2016,17:44:04,22.2,30.4,1019.9
18/02/2016,17:45:04,22.1,30.5,1019.9
18/02/2016,17:46:04,22.1,30.6,1020.0
18/02/2016,17:47:04,22.1,30.3,1020.0
18/02/2016,17:48:04,22.1,30.7,1020.1
18/02/2016,17:49:05,21.9,30.7,1020.1
18/02/2016,17:50:04,21.9,30.5,1020.1
18/02/2016,17:51:04,21.8,30.4,1020.1
18/02/2016,17:52:05,21.9,30.3,1020.1
18/02/2016,17:53:04,21.9,30.6,1020.1
18/02/2016,17:54:04,21.9,30.5,1020.1
18/02/2016,17:55:05,21.9,31.2,1020.2
18/02/2016,17:56:04,22.0,30.8,1020.2
18/02/2016,17:57:04,21.9,30.8,1020.2
18/02/2016,17:58:05,22.0,30.7,1020.3
18/02/2016,17:59:04,22.1,30.9,1020.3
18/02/2016,18:00:04,22.0,30.7,1020.3
18/02/2016,18:01:04,21.9,30.8,1020.3
18/02/2016,18:02:04,21.9,31.1,1020.3
18/02/2016,18:03:04,22.0,30.6,1020.3
18/02/2016,18:04:04,21.9,30.9,1020.4
18/02/2016,18:05:04,21.9,30.6,1020.4
18/02/2016,18:06:05,21.9,30.6,1020.4
18/02/2016,18:07:04,22.0,31.0,1020.4
18/02/2016,18:08:04,21.9,30.8,1020.5
18/02/2016,18:09:05,21.9,30.8,1020.5
18/02/2016,18:10:04,21.8,31.0,1020.5
18/02/2016,18:11:04,21.9,30.8,1020.5
18/02/2016,18:12:05,21.8,30.5,1020.5
18/02/2016,18:13:04,21.9,30.7,1020.6
18/02/2016,18:14:04,21.9,30.6,1020.6
18/02/2016,18:15:04,21.8,30.8,1020.6
18/02/2016,18:16:04,21.9,31.0,1020.6
18/02/2016,18:17:04,21.9,30.9,1020.6
18/02/2016,18:18:04,21.8,30.7,1020.6
18/02/2016,18:19:04,21.8,30.9,1020.7
18/02/2016,18:20:05,21.7,31.1,1020.7
18/02/2016,18:21:04,21.9,30.9,1020.7
18/02/2016,18:22:04,21.8,30.8,1020.7
18/02/2016,18:23:05,21.9,30.7,1020.7
18/02/2016,18:24:04,21.9,30.9,1020.7
18/02/2016,18:25:04,21.8,31.1,1020.7
18/02/2016,18:26:05,21.9,31.0,1020.7
18/02/2016,18:27:04,21.7,30.6,1020.7
18/02/2016,18:28:04,21.8,31.1,1020.7
18/02/2016,18:29:05,21.8,30.8,1020.7
18/02/2016,18:30:04,21.7,31.0,1020.8
18/02/2016,18:31:04,21.8,31.0,1020.8
18/02/2016,18:32:04,21.7,30.7,1020.8
18/02/2016,18:33:04,21.7,30.7,1020.9
18/02/2016,18:34:04,21.7,30.8,1020.9
18/02/2016,18:35:04,21.7,31.0,1020.9
18/02/2016,18:36:04,21.7,31.0,1020.9
18/02/2016,18:37:04,21.7,31.0,1021.0
18/02/2016,18:38:04,21.7,30.8,1021.0
18/02/2016,18:39:04,21.8,30.9,1021.0
18/02/2016,18:40:05,21.8,30.6,1021.0
18/02/2016,18:41:04,21.8,30.7,1021.1
18/02/2016,18:42:04,21.7,30.9,1021.1
18/02/2016,18:43:05,21.8,30.9,1021.1
18/02/2016,18:44:04,21.7,30.7,1021.1
18/02/2016,18:45:04,21.7,30.9,1021.2
18/02/2016,18:46:04,21.8,30.9,1021.1
18/02/2016,18:47:04,21.7,30.6,1021.2
18/02/2016,18:48:04,21.8,30.7,1021.2
18/02/2016,18:49:04,21.6,30.8,1021.2
18/02/2016,18:50:04,21.7,30.8,1021.2
18/02/2016,18:51:05,21.8,30.9,1021.2
18/02/2016,18:52:04,21.7,31.1,1021.3
18/02/2016,18:53:04,21.5,30.8,1021.3
18/02/2016,18:54:05,21.6,30.7,1021.3
18/02/2016,18:55:04,21.8,30.5,1021.3
18/02/2016,18:56:04,21.8,30.4,1021.3
18/02/2016,18:57:04,21.7,30.8,1021.3
18/02/2016,18:58:04,21.7,30.7,1021.3
18/02/2016,18:59:04,21.8,30.3,1021.3
18/02/2016,19:00:04,21.8,30.7,1021.3
18/02/2016,19:01:04,21.9,30.6,1021.3
18/02/2016,19:02:04,21.7,30.6,1021.4
18/02/2016,19:03:04,21.9,30.0,1021.4
18/02/2016,19:04:04,21.9,30.4,1021.4
18/02/2016,19:05:05,22.0,30.5,1021.4
18/02/2016,19:06:04,21.9,30.6,1021.4
18/02/2016,19:07:04,21.8,30.5,1021.4
18/02/2016,19:08:05,21.8,30.4,1021.4
18/02/2016,19:09:04,21.9,30.4,1021.4
18/02/2016,19:10:04,22.0,30.1,1021.4
18/02/2016,19:11:05,22.0,30.0,1021.4
18/02/2016,19:12:04,21.9,30.3,1021.4
18/02/2016,19:13:04,21.9,30.4,1021.4
18/02/2016,19:14:04,21.9,30.1,1021.5
18/02/2016,19:15:04,21.8,30.1,1021.5
18/02/2016,19:16:05,21.9,30.7,1021.4
18/02/2016,19:17:04,21.8,30.3,1021.5
18/02/2016,19:18:04,21.7,30.2,1021.5
18/02/2016,19:19:05,21.8,30.4,1021.5
18/02/2016,19:20:04,21.8,30.5,1021.5
18/02/2016,19:21:04,21.8,30.2,1021.5
18/02/2016,19:22:05,21.8,30.7,1021.6
18/02/2016,19:23:04,21.7,30.5,1021.6
18/02/2016,19:24:04,21.6,30.5,1021.6
18/02/2016,19:25:05,21.6,30.7,1021.6
18/02/2016,19:26:04,21.7,30.3,1021.6
18/02/2016,19:27:04,21.7,30.5,1021.6
18/02/2016,19:28:04,21.8,30.5,1021.6
18/02/2016,19:29:04,21.7,30.2,1021.6
18/02/2016,19:30:04,21.8,30.5,1021.6
18/02/2016,19:31:04,21.8,30.2,1021.6
18/02/2016,19:32:04,21.7,30.3,1021.6
18/02/2016,19:33:05,21.6,30.5,1021.6
18/02/2016,19:34:04,21.7,30.5,1021.6
18/02/2016,19:35:04,21.7,30.5,1021.7
18/02/2016,19:36:05,21.7,30.5,1021.6
18/02/2016,19:37:04,21.7,30.8,1021.7
18/02/2016,19:38:04,21.7,30.6,1021.6
18/02/2016,19:39:05,21.7,30.6,1021.7
18/02/2016,19:40:04,21.7,30.3,1021.7
18/02/2016,19:41:04,21.7,30.6,1021.7
18/02/2016,19:42:04,21.7,30.2,1021.7
18/02/2016,19:43:04,21.7,30.7,1021.7
18/02/2016,19:44:04,21.6,30.4,1021.7
18/02/2016,19:45:04,21.6,30.3,1021.7
18/02/2016,19:46:04,21.7,30.1,1021.7
18/02/2016,19:47:05,21.6,30.6,1021.7
18/02/2016,19:48:04,21.6,30.3,1021.7
18/02/2016,19:49:04,21.6,30.3,1021.8
18/02/2016,19:50:05,21.5,30.8,1021.8
18/02/2016,19:51:04,21.6,30.4,1021.7
18/02/2016,19:52:04,21.7,30.2,1021.7
18/02/2016,19:53:04,21.6,30.1,1021.7
18/02/2016,19:54:04,21.6,30.4,1021.8
18/02/2016,19:55:04,21.7,30.5,1021.7
18/02/2016,19:56:04,21.7,30.3,1021.7
18/02/2016,19:57:04,21.5,30.6,1021.7
18/02/2016,19:58:05,21.5,30.3,1021.8
18/02/2016,19:59:04,21.6,30.3,1021.7
18/02/2016,20:00:04,21.6,30.3,1021.8
18/02/2016,20:01:05,21.7,30.5,1021.8
18/02/2016,20:02:04,21.7,30.4,1021.8
18/02/2016,20:03:04,21.4,30.5,1021.7
18/02/2016,20:04:05,21.5,30.7,1021.8
18/02/2016,20:05:04,21.5,30.3,1021.8
18/02/2016,20:06:04,21.5,30.9,1021.8
18/02/2016,20:07:04,21.5,30.6,1021.8
18/02/2016,20:08:04,21.5,30.7,1021.8
18/02/2016,20:09:05,21.6,30.5,1021.8
18/02/2016,20:10:04,21.7,30.6,1021.9
18/02/2016,20:11:04,21.5,30.2,1021.9
18/02/2016,20:12:05,21.5,30.2,1021.9
18/02/2016,20:13:04,21.4,30.5,1021.9
18/02/2016,20:14:04,21.5,30.0,1021.9
18/02/2016,20:15:04,21.5,30.2,1021.9
18/02/2016,20:16:04,21.5,30.3,1021.9
18/02/2016,20:17:04,21.6,30.7,1021.9
18/02/2016,20:18:04,21.6,30.4,1021.9
18/02/2016,20:19:04,21.5,30.3,1021.9
18/02/2016,20:20:05,21.6,30.4,1021.9
18/02/2016,20:21:04,21.7,30.5,1021.9
18/02/2016,20:22:04,21.6,30.1,1021.9
18/02/2016,20:23:05,21.6,30.0,1021.9
18/02/2016,20:24:04,21.7,30.4,1021.9
18/02/2016,20:25:04,21.7,30.3,1021.9
18/02/2016,20:26:05,21.8,30.0,1022.0
18/02/2016,20:27:04,21.6,30.3,1022.0
18/02/2016,20:28:04,21.7,30.3,1022.0
18/02/2016,20:29:04,21.7,30.1,1022.1
18/02/2016,20:30:04,21.7,30.2,1022.0
18/02/2016,20:31:04,21.8,29.8,1022.0
18/02/2016,20:32:04,21.8,30.1,1022.0
18/02/2016,20:33:04,21.8,29.9,1022.1
18/02/2016,20:34:05,21.8,29.9,1022.1
18/02/2016,20:35:04,21.8,30.0,1022.1
18/02/2016,20:36:04,21.9,29.8,1022.1
18/02/2016,20:37:05,21.7,30.1,1022.1
18/02/2016,20:38:04,21.6,29.6,1022.1
18/02/2016,20:39:04,21.7,30.0,1022.1
18/02/2016,20:40:04,21.7,30.2,1022.2
18/02/2016,20:41:04,21.6,30.3,1022.2
18/02/2016,20:42:05,21.6,30.1,1022.2
18/02/2016,20:43:04,21.4,30.2,1022.2
18/02/2016,20:44:04,21.5,30.3,1022.2
18/02/2016,20:45:05,21.5,30.1,1022.2
18/02/2016,20:46:04,21.6,29.8,1022.2
18/02/2016,20:47:04,21.6,30.4,1022.2
18/02/2016,20:48:05,21.6,30.2,1022.2
18/02/2016,20:49:04,21.6,30.1,1022.3
18/02/2016,20:50:04,21.5,30.0,1022.2
18/02/2016,20:51:04,21.5,30.3,1022.3
18/02/2016,20:52:04,21.4,30.5,1022.2
18/02/2016,20:53:05,21.4,30.2,1022.3
18/02/2016,20:54:04,21.6,30.2,1022.3
18/02/2016,20:55:04,21.5,30.3,1022.3
18/02/2016,20:56:05,21.4,30.1,1022.3
18/02/2016,20:57:04,21.4,30.3,1022.3
18/02/2016,20:58:04,21.4,29.8,1022.3
18/02/2016,20:59:05,21.5,30.1,1022.3
18/02/2016,21:00:04,21.5,30.3,1022.3
18/02/2016,21:01:04,21.4,30.8,1022.3
18/02/2016,21:02:04,21.4,30.6,1022.3
18/02/2016,21:03:04,21.4,30.3,1022.3
18/02/2016,21:04:04,21.5,30.2,1022.3
18/02/2016,21:05:04,21.4,30.2,1022.2
18/02/2016,21:06:04,21.4,30.0,1022.3
18/02/2016,21:07:05,21.4,30.4,1022.3
18/02/2016,21:08:04,21.4,30.2,1022.3
18/02/2016,21:09:04,21.4,30.0,1022.3
18/02/2016,21:10:05,21.4,30.2,1022.3
18/02/2016,21:11:04,21.4,30.3,1022.3
18/02/2016,21:12:04,21.4,30.2,1022.4
18/02/2016,21:13:04,21.5,30.5,1022.4
18/02/2016,21:14:04,21.6,30.1,1022.4
18/02/2016,21:15:04,21.5,30.1,1022.4
18/02/2016,21:16:04,21.5,30.0,1022.4
18/02/2016,21:17:04,21.4,29.9,1022.4
18/02/2016,21:18:05,21.5,30.3,1022.4
18/02/2016,21:19:04,21.4,29.8,1022.5
18/02/2016,21:20:04,21.6,29.6,1022.4
18/02/2016,21:21:05,21.5,30.4,1022.5
18/02/2016,21:22:04,21.5,30.4,1022.5
18/02/2016,21:23:04,21.4,29.9,1022.5
18/02/2016,21:24:04,21.4,30.3,1022.4
18/02/2016,21:25:04,21.6,30.2,1022.4
18/02/2016,21:26:04,21.5,29.9,1022.4
18/02/2016,21:27:04,21.4,30.0,1022.5
18/02/2016,21:28:04,21.6,30.2,1022.4
18/02/2016,21:29:05,21.4,30.2,1022.5
18/02/2016,21:30:04,21.6,30.0,1022.5
18/02/2016,21:31:04,21.5,30.0,1022.5
18/02/2016,21:32:05,21.5,29.9,1022.5
18/02/2016,21:33:04,21.6,30.4,1022.5
18/02/2016,21:34:04,21.5,30.1,1022.5
18/02/2016,21:35:05,21.4,30.5,1022.5
18/02/2016,21:36:04,21.4,30.2,1022.5
18/02/2016,21:37:04,21.5,30.1,1022.5
18/02/2016,21:38:04,21.4,30.4,1022.5
18/02/2016,21:39:04,21.4,30.5,1022.5
18/02/2016,21:40:04,21.4,29.9,1022.5
18/02/2016,21:41:04,21.5,30.1,1022.5
18/02/2016,21:42:04,21.5,30.4,1022.6
18/02/2016,21:43:05,21.5,30.3,1022.5
18/02/2016,21:44:04,21.5,30.1,1022.5
18/02/2016,21:45:04,21.6,30.1,1022.6
18/02/2016,21:46:05,21.6,29.9,1022.6
18/02/2016,21:47:04,21.6,29.8,1022.6
18/02/2016,21:48:04,21.6,30.3,1022.6
18/02/2016,21:49:05,21.7,29.6,1022.5
18/02/2016,21:50:04,21.7,29.7,1022.5
18/02/2016,21:51:04,21.8,29.7,1022.6
18/02/2016,21:52:04,21.8,29.7,1022.5
18/02/2016,21:53:04,21.8,30.0,1022.6
18/02/2016,21:54:04,21.7,29.6,1022.6
18/02/2016,21:55:04,21.8,29.6,1022.6
18/02/2016,21:56:04,21.8,29.6,1022.6
18/02/2016,21:57:05,21.7,29.6,1022.6
18/02/2016,21:58:04,21.8,29.7,1022.6
18/02/2016,21:59:04,21.7,30.0,1022.6
18/02/2016,22:00:05,21.6,29.8,1022.6
18/02/2016,22:01:04,21.4,29.6,1022.6
18/02/2016,22:02:04,21.5,29.7,1022.6
18/02/2016,22:03:04,21.6,29.8,1022.6
18/02/2016,22:04:04,21.6,29.8,1022.6
18/02/2016,22:05:04,21.5,29.8,1022.6
18/02/2016,22:06:04,21.5,29.7,1022.6
18/02/2016,22:07:04,21.4,29.5,1022.6
18/02/2016,22:08:05,21.5,29.8,1022.6
18/02/2016,22:09:04,21.6,30.1,1022.6
18/02/2016,22:10:04,21.6,29.8,1022.6
18/02/2016,22:11:05,21.3,30.1,1022.6
18/02/2016,22:12:04,21.4,30.3,1022.6
18/02/2016,22:13:04,21.4,29.8,1022.5
18/02/2016,22:14:05,21.3,30.1,1022.6
18/02/2016,22:15:04,21.5,29.6,1022.5
18/02/2016,22:16:04,21.4,29.8,1022.6
18/02/2016,22:17:04,21.4,30.2,1022.5
18/02/2016,22:18:04,21.3,30.5,1022.5
18/02/2016,22:19:04,21.4,29.6,1022.5
18/02/2016,22:20:04,21.3,29.9,1022.5
18/02/2016,22:21:04,21.4,30.1,1022.5
18/02/2016,22:22:05,21.4,30.1,1022.5
18/02/2016,22:23:04,21.4,30.0,1022.5
18/02/2016,22:24:04,21.4,30.2,1022.5
18/02/2016,22:25:05,21.4,29.9,1022.5
18/02/2016,22:26:04,21.4,30.4,1022.6
18/02/2016,22:27:04,21.3,29.9,1022.6
18/02/2016,22:28:05,21.3,30.3,1022.6
18/02/2016,22:29:04,21.4,30.1,1022.6
18/02/2016,22:30:04,21.3,30.2,1022.6
18/02/2016,22:31:05,21.4,30.4,1022.6
18/02/2016,22:32:04,21.3,29.8,1022.6
18/02/2016,22:33:04,21.4,30.0,1022.6
18/02/2016,22:34:04,21.3,29.7,1022.6
18/02/2016,22:35:04,21.4,29.8,1022.6
18/02/2016,22:36:04,21.4,30.2,1022.6
18/02/2016,22:37:04,21.4,30.0,1022.6
18/02/2016,22:38:04,21.3,30.1,1022.6
18/02/2016,22:39:05,21.3,30.1,1022.6
18/02/2016,22:40:04,21.4,29.9,1022.6
18/02/2016,22:41:04,21.3,29.9,1022.6
18/02/2016,22:42:05,21.4,30.1,1022.6
18/02/2016,22:43:04,21.3,29.9,1022.6
18/02/2016,22:44:04,21.4,30.0,1022.7
18/02/2016,22:45:04,21.2,30.1,1022.6
18/02/2016,22:46:04,21.3,29.6,1022.6
18/02/2016,22:47:04,21.2,30.2,1022.7
18/02/2016,22:48:04,21.2,30.0,1022.6
18/02/2016,22:49:04,21.2,30.1,1022.7
18/02/2016,22:50:05,21.4,29.9,1022.7
18/02/2016,22:51:04,21.2,29.9,1022.6
18/02/2016,22:52:04,21.4,30.0,1022.7
18/02/2016,22:53:05,21.3,29.8,1022.7
18/02/2016,22:54:04,21.3,30.3,1022.7
18/02/2016,22:55:04,21.3,30.3,1022.7
18/02/2016,22:56:05,21.2,30.3,1022.7
18/02/2016,22:57:04,21.2,29.9,1022.7
18/02/2016,22:58:04,21.2,30.2,1022.7
18/02/2016,22:59:04,21.3,29.9,1022.7
18/02/2016,23:00:04,21.1,30.0,1022.7
18/02/2016,23:01:04,21.3,30.2,1022.7
18/02/2016,23:02:04,21.3,30.1,1022.7
18/02/2016,23:03:04,21.2,30.3,1022.7
18/02/2016,23:04:04,21.3,30.1,1022.7
18/02/2016,23:05:04,21.2,30.0,1022.8
18/02/2016,23:06:04,21.3,29.9,1022.8
18/02/2016,23:07:05,21.3,29.8,1022.8
18/02/2016,23:08:04,21.3,30.0,1022.8
18/02/2016,23:09:04,21.4,29.8,1022.8
18/02/2016,23:10:05,21.5,30.2,1022.8
18/02/2016,23:11:04,21.4,30.4,1022.8
18/02/2016,23:12:04,21.5,29.8,1022.8
18/02/2016,23:13:05,21.5,29.7,1022.7
18/02/2016,23:14:04,21.5,29.5,1022.8
18/02/2016,23:15:04,21.5,29.4,1022.8
18/02/2016,23:16:04,21.7,29.8,1022.8
18/02/2016,23:17:04,21.6,29.1,1022.8
18/02/2016,23:18:04,21.6,29.4,1022.8
18/02/2016,23:19:04,21.5,29.5,1022.7
18/02/2016,23:20:04,21.6,29.4,1022.7
18/02/2016,23:21:04,21.6,29.3,1022.8
18/02/2016,23:22:04,21.6,29.8,1022.7
18/02/2016,23:23:04,21.7,29.0,1022.8
18/02/2016,23:24:05,21.6,29.5,1022.7
18/02/2016,23:25:04,21.5,29.7,1022.8
18/02/2016,23:26:04,21.5,29.7,1022.8
18/02/2016,23:27:05,21.6,29.7,1022.8
18/02/2016,23:28:04,21.5,29.7,1022.8
18/02/2016,23:29:04,21.5,29.9,1022.8
18/02/2016,23:30:04,21.5,29.6,1022.8
18/02/2016,23:31:04,21.5,29.6,1022.8
18/02/2016,23:32:04,21.4,29.8,1022.9
18/02/2016,23:33:04,21.3,29.7,1022.9
18/02/2016,23:34:04,21.4,29.5,1022.9
18/02/2016,23:35:04,21.4,30.1,1022.9
18/02/2016,23:36:04,21.3,29.7,1023.0
18/02/2016,23:37:04,21.4,29.8,1022.9
18/02/2016,23:38:05,21.4,30.0,1023.0
18/02/2016,23:39:04,21.4,29.6,1023.0
18/02/2016,23:40:04,21.3,29.6,1023.0
18/02/2016,23:41:05,21.3,30.0,1023.0
18/02/2016,23:42:04,21.4,29.9,1023.0
18/02/2016,23:43:04,21.5,30.0,1023.0
18/02/2016,23:44:04,21.4,29.9,1023.0
18/02/2016,23:45:04,21.3,30.0,1023.0
18/02/2016,23:46:04,21.4,30.2,1023.0
18/02/2016,23:47:04,21.3,30.1,1023.0
18/02/2016,23:48:04,21.4,30.1,1022.9
18/02/2016,23:49:05,21.3,30.1,1023.0
18/02/2016,23:50:04,21.3,30.0,1023.0
18/02/2016,23:51:04,21.3,30.1,1022.9
18/02/2016,23:52:05,21.3,29.7,1022.9
18/02/2016,23:53:04,21.2,29.8,1023.0
18/02/2016,23:54:04,21.2,29.9,1023.0
18/02/2016,23:55:05,21.3,29.6,1023.0
18/02/2016,23:56:04,21.3,30.2,1022.9
18/02/2016,23:57:04,21.3,29.7,1022.9
18/02/2016,23:58:04,21.3,30.3,1023.0
18/02/2016,23:59:04,21.4,29.7,1022.9
